<?xml version="1.0" encoding="UTF-8"?>
<project-private xmlns="http://www.netbeans.org/ns/project-private/1">
    <editor-bookmarks xmlns="http://www.netbeans.org/ns/editor-bookmarks/2" lastBookmarkId="0"/>
    <open-files xmlns="http://www.netbeans.org/ns/projectui-open-files/2">
        <group>
            <file>file:/F:/Videos/SuperCajeroGraficoV2/src/Vista/Cajero_CrearCliente.java</file>
            <file>file:/F:/Videos/SuperCajeroGraficoV2/src/supercajerograficov2/SuperCajeroGraficoV2.java</file>
            <file>file:/F:/Videos/SuperCajeroGraficoV2/src/Vista/Cajero_ConsultarSaldo.java</file>
            <file>file:/F:/Videos/SuperCajeroGraficoV2/src/Modelo/Cliente.java</file>
            <file>file:/F:/Videos/SuperCajeroGraficoV2/src/Modelo/Cajero.java</file>
        </group>
    </open-files>
</project-private>
